date_hour,sentiment
2022-01-11 17:00:00,0.6183661222457886
2022-01-11 18:00:00,0.08381341184888567
2022-01-11 19:00:00,0.0
2022-01-11 20:00:00,0.2331153392791748
2022-01-11 21:00:00,0.13664440313975015
2022-01-11 22:00:00,0.0
2022-01-11 23:00:00,0.48666820526123045
2022-01-12 00:00:00,0.10837456583976746
2022-01-12 01:00:00,0.27522462606430054
2022-01-12 02:00:00,-0.024165228009223938
2022-01-12 03:00:00,0.19239795207977295
2022-01-12 04:00:00,0.0
2022-01-12 05:00:00,-0.05905340611934662
2022-01-12 06:00:00,-0.09447861313819886
2022-01-12 07:00:00,0.10820544958114624
2022-01-12 08:00:00,0.16642551762717112
2022-01-12 09:00:00,0.2688796009336199
2022-01-12 10:00:00,0.3481726348400116
2022-01-12 11:00:00,0.0
2022-01-12 12:00:00,0.2227209433913231
2022-01-12 13:00:00,0.0
2022-01-12 14:00:00,0.14435092210769654
2022-01-12 15:00:00,0.11823457479476929
2022-01-12 16:00:00,0.0
2022-01-12 17:00:00,0.0844804048538208
2022-01-12 18:00:00,0.0
2022-01-12 19:00:00,0.12758475542068481
2022-01-12 20:00:00,0.4455629189809163
2022-01-12 21:00:00,0.2950943112373352
2022-01-12 22:00:00,0.16401907801628113
2022-01-12 23:00:00,0.11714708805084229
2022-01-13 00:00:00,0.10620186726252238
2022-01-13 01:00:00,0.0
2022-01-13 02:00:00,0.17449690898259482
2022-01-13 03:00:00,0.4984930223888821
2022-01-13 04:00:00,0.0
2022-01-13 05:00:00,0.10837148427963257
2022-01-13 06:00:00,0.12052850723266602
2022-01-13 07:00:00,0.14591730386018753
2022-01-13 08:00:00,0.2102392077445984
2022-01-13 09:00:00,0.5835112531979879
2022-01-13 10:00:00,0.31040626764297485
2022-01-13 11:00:00,0.2189404699537489
2022-01-13 12:00:00,-0.0713493824005127
2022-01-13 13:00:00,0.13250966370105743
2022-01-13 14:00:00,-0.10167642682790756
2022-01-13 15:00:00,0.12157694101333619
2022-01-13 16:00:00,0.14926241976874216
2022-01-13 17:00:00,0.0
2022-01-13 18:00:00,-0.005938246846199036
2022-01-13 19:00:00,0.355488657951355
2022-01-13 20:00:00,0.4815322359402974
2022-01-13 21:00:00,0.2785745792918735
2022-01-13 22:00:00,-0.4651523530483246
2022-01-13 23:00:00,0.04350373148918152
2022-01-14 09:00:00,0.18370060125986734
2022-01-14 10:00:00,0.0
2022-01-14 11:00:00,0.27234134674072263
2022-01-14 12:00:00,-0.02424743345805577
2022-01-14 13:00:00,0.0
2022-01-14 14:00:00,0.11185927391052246
2022-01-14 15:00:00,0.3843512050807476
2022-01-14 16:00:00,0.4154205024242401
2022-01-14 17:00:00,0.0
2022-01-14 18:00:00,-0.30221019983291625
2022-01-14 19:00:00,0.011850784222284952
2022-01-14 20:00:00,0.1422857791185379
2022-01-14 21:00:00,0.2839945639882769
2022-01-14 22:00:00,0.0
2022-01-14 23:00:00,0.22779471427202225
2022-01-19 19:00:00,0.0
2022-01-19 20:00:00,0.14893020192782083
2022-01-19 21:00:00,0.18593737483024597
2022-01-19 22:00:00,-0.18477672338485718
2022-01-19 23:00:00,0.03644241392612457
2022-01-20 00:00:00,0.4363636374473572
2022-01-20 01:00:00,0.0
2022-01-20 02:00:00,0.19615991910298666
2022-01-20 03:00:00,-0.028109303542545865
2022-01-20 04:00:00,0.3668261170387268
2022-01-20 05:00:00,0.17511347929636636
2022-01-20 06:00:00,-0.0853859931230545
2022-01-20 07:00:00,0.2584882974624634
2022-01-20 08:00:00,0.08578781286875407
2022-01-20 09:00:00,0.0
2022-01-20 10:00:00,0.0
2022-01-20 11:00:00,0.3118117153644562
2022-01-20 12:00:00,0.01601199433207512
2022-01-20 13:00:00,0.3541889190673828
2022-01-20 14:00:00,0.14443570375442505
2022-01-20 15:00:00,-0.16824624935785928
2022-01-20 16:00:00,0.17891196693692887
2022-01-20 17:00:00,0.0
2022-01-20 18:00:00,-0.1764343480269114
2022-01-20 19:00:00,0.32768723368644714
2022-01-20 20:00:00,0.0
2022-01-20 21:00:00,0.109372744957606
2022-01-20 22:00:00,-0.03455783639635358
2022-01-20 23:00:00,0.0
2022-01-21 00:00:00,0.1662377119064331
2022-01-21 01:00:00,0.2430979371070862
2022-01-21 02:00:00,0.19482878843943277
2022-01-21 03:00:00,0.11103466153144836
2022-01-21 04:00:00,-0.016250987847646076
2022-01-21 05:00:00,0.33030152320861816
2022-01-21 06:00:00,-0.09099485725164413
2022-01-21 07:00:00,0.0
2022-01-21 08:00:00,0.19365471601486206
2022-01-21 09:00:00,0.0
2022-01-21 10:00:00,0.20044984420140585
2022-01-21 11:00:00,0.0
2022-01-21 12:00:00,0.2529381886124611
2022-01-21 13:00:00,0.0
2022-01-21 14:00:00,0.1703780624601576
2022-01-21 15:00:00,0.27468082308769226
2022-01-21 16:00:00,0.06584636654172625
2022-01-21 17:00:00,0.25135913491249084
2022-01-21 18:00:00,0.171772871698652
2022-01-21 19:00:00,0.12201966047286987
2022-01-21 20:00:00,0.0
2022-01-21 21:00:00,0.15726234391331673
2022-01-21 22:00:00,0.10791802406311035
2022-01-21 23:00:00,0.21485041379928588
2022-01-22 00:00:00,0.3010019063949585
2022-01-22 01:00:00,0.0
2022-01-22 02:00:00,0.18133358657360077
2022-01-22 03:00:00,0.08257076144218445
2022-01-22 04:00:00,0.23190470536549887
2022-01-22 05:00:00,0.07587427752358573
2022-01-22 06:00:00,0.2008808453877767
2022-01-22 07:00:00,-0.06879967451095581
2022-01-22 08:00:00,0.3195286840200424
2022-01-22 09:00:00,-0.04484110219138009
2022-01-22 10:00:00,0.27786655936922344
2022-01-22 11:00:00,0.0
2022-01-22 12:00:00,0.09354147740772792
2022-01-22 13:00:00,0.1290958970785141
2022-01-22 14:00:00,0.18041612207889557
2022-01-22 15:00:00,0.2085434099038442
2022-01-22 16:00:00,-0.0184594988822937
2022-01-22 17:00:00,0.35403625965118407
2022-01-22 18:00:00,0.11611416339874267
2022-01-22 19:00:00,0.10675408773952061
2022-01-22 20:00:00,0.2729141414165497
2022-01-22 21:00:00,0.14497479051351547
2022-01-22 22:00:00,0.35399601856867474
2022-01-22 23:00:00,0.28195418119430543
2022-02-09 14:00:00,0.0
2022-02-09 15:00:00,0.1493043750524521
2022-02-09 16:00:00,-0.09665201306343078
2022-02-09 17:00:00,0.12106285095214844
2022-02-09 18:00:00,0.17607114712397257
2022-02-09 19:00:00,0.3662542849779129
2022-02-09 20:00:00,0.0
2022-02-09 21:00:00,0.0
2022-02-09 22:00:00,0.0
2022-02-09 23:00:00,0.26738986372947693
2022-02-14 20:00:00,-0.15593024094899496
2022-02-14 21:00:00,0.0
2022-02-14 22:00:00,0.20015361905097961
2022-02-14 23:00:00,0.20068315664927164
2022-02-15 16:00:00,0.18943757481045193
2022-02-15 17:00:00,0.0
2022-02-15 18:00:00,0.0
2022-02-15 19:00:00,0.19701874256134033
2022-02-15 20:00:00,0.49106327444314957
2022-02-15 21:00:00,0.2712495565414429
2022-02-15 22:00:00,0.30948219299316404
2022-02-15 23:00:00,0.5514033011027745
2022-02-16 19:00:00,0.0
2022-02-16 20:00:00,-0.08584648370742798
2022-02-16 21:00:00,0.13503822088241577
2022-02-16 22:00:00,0.20707418521245322
2022-02-16 23:00:00,0.22257681687672934
2022-02-17 08:00:00,0.41025686264038086
2022-02-17 09:00:00,0.3816101312637329
2022-02-17 10:00:00,0.0
2022-02-17 11:00:00,0.0961758553981781
2022-02-17 12:00:00,0.28362407684326174
2022-02-17 13:00:00,0.0
2022-02-17 14:00:00,0.0
2022-02-17 15:00:00,0.08947900931040446
2022-02-17 16:00:00,0.1033710241317749
2022-02-17 17:00:00,0.1769259770711263
2022-02-17 18:00:00,0.21149749415261404
2022-02-17 19:00:00,0.2188817858695984
2022-02-17 20:00:00,0.0
2022-02-17 21:00:00,0.23657488822937012
2022-02-17 22:00:00,0.25135986804962157
2022-02-17 23:00:00,-0.30990034341812134
2022-02-18 00:00:00,-0.001573254664738973
2022-02-18 01:00:00,0.11854403217633565
2022-02-18 02:00:00,0.21597631772359213
2022-02-18 03:00:00,0.08761357267697652
2022-02-18 04:00:00,0.11376722653706868
2022-02-18 05:00:00,0.0
2022-02-18 06:00:00,0.08823163310686748
2022-02-18 07:00:00,0.3554695078304836
2022-02-18 08:00:00,0.009391019741694132
2022-02-18 09:00:00,0.0
2022-02-18 10:00:00,0.3854838728904724
2022-02-18 11:00:00,0.18831352392832437
2022-02-18 12:00:00,0.21219849586486816
2022-02-18 13:00:00,0.21434444189071655
2022-02-18 14:00:00,0.058521024882793427
2022-02-18 21:00:00,0.34993265867233275
2022-02-18 22:00:00,-0.17025733845574514
2022-02-18 23:00:00,0.0
2022-03-02 16:00:00,0.7399929960568746
2022-03-02 17:00:00,0.3544715841611226
2022-03-02 18:00:00,0.10602855682373047
2022-03-02 19:00:00,-0.06952610611915588
2022-03-02 20:00:00,0.27744407455126446
2022-03-02 21:00:00,0.3587173342704773
2022-03-02 22:00:00,0.2654012044270833
2022-03-02 23:00:00,0.13334880769252777
2022-03-06 14:00:00,0.39094295104344684
2022-03-06 15:00:00,-0.11089863379796346
2022-03-06 16:00:00,-0.1329617276787758
2022-03-06 17:00:00,-0.05667397975921631
2022-03-06 18:00:00,0.11742035150527955
2022-03-06 19:00:00,0.13098707795143127
2022-03-06 20:00:00,-0.3893515169620514
2022-03-06 21:00:00,0.11311566829681396
2022-03-06 22:00:00,-0.0044175734122594195
2022-03-06 23:00:00,0.0
2022-03-07 00:00:00,0.251203715801239
2022-03-07 01:00:00,-0.30444635152816774
2022-03-07 02:00:00,0.2060026228427887
2022-03-07 03:00:00,0.0
2022-03-07 04:00:00,0.20572017629941305
2022-03-07 05:00:00,0.0
2022-03-07 06:00:00,0.15330703556537628
2022-03-07 07:00:00,0.32481834292411804
2022-03-07 08:00:00,-0.13224134842554727
2022-03-07 09:00:00,0.26877419650554657
2022-03-07 10:00:00,0.10036651293436687
2022-03-07 11:00:00,0.3860568329691887
2022-03-07 12:00:00,0.29530004660288495
2022-03-07 13:00:00,0.2217849095662435
2022-03-07 14:00:00,0.24539421002070108
2022-03-07 15:00:00,0.15839821100234985
2022-03-07 16:00:00,0.028076032797495525
2022-03-07 17:00:00,-0.011124501625696817
2022-03-07 18:00:00,-0.5552743872006735
2022-03-07 19:00:00,0.2638020277023315
2022-03-07 20:00:00,0.16789134740829467
2022-03-07 21:00:00,-0.07890888622828893
2022-03-07 22:00:00,0.0
2022-03-07 23:00:00,0.0004507899284362793
2022-03-08 20:00:00,0.716182549794515
2022-03-08 21:00:00,-0.19086196025212607
2022-03-08 22:00:00,0.055159127712249754
2022-03-08 23:00:00,0.044132242600123085
2022-03-09 11:00:00,-0.3273963729540507
2022-03-09 12:00:00,-0.05387966831525167
2022-03-09 13:00:00,0.1948879063129425
2022-03-09 14:00:00,0.26710159579912823
2022-03-09 15:00:00,0.0
2022-03-09 16:00:00,0.21550150428499495
2022-03-09 17:00:00,0.534806509812673
2022-03-09 18:00:00,0.13512487709522247
2022-03-09 19:00:00,-0.08308522403240204
2022-03-09 20:00:00,-0.16909463916506087
2022-03-09 21:00:00,0.0
2022-03-09 22:00:00,0.06764575839042664
2022-03-09 23:00:00,0.26223375116075787
2022-03-10 00:00:00,0.3252677470445633
2022-03-10 01:00:00,0.31120675802230835
2022-03-10 02:00:00,0.0
2022-03-10 03:00:00,-0.07329269498586655
2022-03-10 04:00:00,0.13569959998130798
2022-03-10 05:00:00,0.0
2022-03-10 06:00:00,0.21319381147623062
2022-03-10 07:00:00,-0.22904358804225922
2022-03-10 08:00:00,0.17652836867741176
2022-03-10 09:00:00,-0.14837143421173096
2022-03-10 10:00:00,0.09237658232450485
2022-03-10 11:00:00,0.19608472287654877
2022-03-10 12:00:00,0.17662384112675986
2022-03-10 13:00:00,0.32835887372493744
2022-03-10 14:00:00,-0.06448296563965934
2022-03-10 15:00:00,0.0
2022-03-10 16:00:00,0.07173239522510105
2022-03-10 17:00:00,0.0
2022-03-10 18:00:00,0.1373686535017831
2022-03-10 19:00:00,-0.010095804929733276
2022-03-10 20:00:00,0.21049423728670394
2022-03-10 21:00:00,0.3240344325701396
2022-03-10 22:00:00,-0.28246939182281494
2022-03-10 23:00:00,0.0
2022-03-14 19:00:00,-0.2091629902521769
2022-03-14 20:00:00,0.07936921289988927
2022-03-14 21:00:00,0.3938399950663249
2022-03-14 22:00:00,0.13944404125213622
2022-03-14 23:00:00,-0.025911331176757812
2022-03-15 00:00:00,0.0
2022-03-15 01:00:00,0.27833075523376466
2022-03-15 02:00:00,0.09651126464207967
2022-03-15 03:00:00,0.0
2022-03-15 04:00:00,0.10367148369550705
2022-03-15 05:00:00,0.0
2022-03-15 06:00:00,-0.06748472367014204
2022-03-15 07:00:00,0.20370267828305563
2022-03-15 08:00:00,0.0996060570081075
2022-03-15 09:00:00,0.2921584486961365
2022-03-15 10:00:00,0.3114170551300049
2022-03-15 11:00:00,0.06994901597499847
2022-03-15 12:00:00,0.20027945439020792
2022-03-15 13:00:00,0.20436310768127441
2022-03-15 14:00:00,0.25814965793064665
2022-03-15 15:00:00,0.37696878612041473
2022-03-15 16:00:00,0.19745559493700662
2022-03-15 17:00:00,0.0
2022-03-15 18:00:00,0.0630629410346349
2022-03-15 19:00:00,0.19376973594938005
2022-03-15 20:00:00,0.36911773681640625
2022-03-15 21:00:00,0.20781129598617554
2022-03-15 22:00:00,0.17300977877208165
2022-03-15 23:00:00,0.19787939389546713
2022-03-16 07:00:00,0.08285339921712875
2022-03-16 08:00:00,0.3513924777507782
2022-03-16 09:00:00,0.3656453341245651
2022-03-16 10:00:00,0.2303848167260488
2022-03-16 11:00:00,0.0
2022-03-16 12:00:00,0.4588712453842163
2022-03-16 13:00:00,0.14629805088043213
2022-03-16 14:00:00,0.2348518172899882
2022-03-16 15:00:00,0.25361969073613483
2022-03-16 16:00:00,0.0
2022-03-16 17:00:00,-0.18079884052276612
2022-03-16 18:00:00,0.37812674045562744
2022-03-16 19:00:00,0.37485674023628235
2022-03-16 21:00:00,0.09156851257596697
2022-03-16 22:00:00,0.11918918575559344
2022-03-16 23:00:00,0.13025367259979248
2022-03-17 06:00:00,0.32817724347114563
2022-03-17 07:00:00,0.11942722797393798
2022-03-17 08:00:00,0.2625462327684675
2022-03-17 09:00:00,0.30897969007492065
2022-03-17 10:00:00,0.08582073450088501
2022-03-17 11:00:00,0.5147661864757538
2022-03-17 12:00:00,0.21340860639299666
2022-03-17 13:00:00,-0.26063201824824017
2022-03-17 14:00:00,0.23106517962047032
2022-03-17 15:00:00,0.6538380458950996
2022-03-17 16:00:00,0.16349296569824218
2022-03-17 17:00:00,0.1436932384967804
2022-03-17 18:00:00,0.34055258333683014
2022-03-17 19:00:00,0.5109701454639435
2022-03-17 20:00:00,0.43142322699228924
2022-03-17 21:00:00,0.49878327051798504
2022-03-17 22:00:00,0.15630777180194855
2022-03-17 23:00:00,0.0
2022-03-18 13:00:00,0.6406108438968658
2022-03-18 14:00:00,0.0
2022-03-18 15:00:00,0.27505090832710266
2022-03-18 16:00:00,0.0
2022-03-18 17:00:00,0.11952732006708781
2022-03-18 18:00:00,0.5651853382587433
2022-03-18 19:00:00,0.11556848287582397
2022-03-18 20:00:00,0.31555014848709106
2022-03-18 21:00:00,0.20542864004770914
2022-03-18 22:00:00,0.29691959278924124
2022-03-18 23:00:00,0.2628835638364156
2022-03-19 09:00:00,0.36384997765223187
2022-03-19 10:00:00,0.0
2022-03-19 11:00:00,0.17174123227596283
2022-03-19 12:00:00,0.19266162812709808
2022-03-19 13:00:00,0.17519169052441916
2022-03-19 14:00:00,0.24624091386795044
2022-03-19 15:00:00,-0.293091356754303
2022-03-19 16:00:00,0.0
2022-03-19 17:00:00,0.22059082984924316
2022-03-19 18:00:00,0.35956205427646637
2022-03-19 19:00:00,0.22654345035552978
2022-03-19 20:00:00,0.16477360725402831
2022-03-19 21:00:00,0.28317004442214966
2022-03-19 22:00:00,0.3941629409790039
2022-03-19 23:00:00,0.20154244559151785
2022-03-20 02:00:00,0.16806932290395102
2022-03-20 03:00:00,-0.33266409238179523
2022-03-20 04:00:00,0.2552686929702759
2022-03-20 05:00:00,0.0
2022-03-20 06:00:00,0.1821656260225508
2022-03-20 07:00:00,0.0
2022-03-20 08:00:00,0.30394192039966583
2022-03-20 09:00:00,-0.016488637242998396
2022-03-20 10:00:00,0.3103606849908829
2022-03-20 11:00:00,0.13981841504573822
2022-03-20 12:00:00,0.19598388671875
2022-03-20 13:00:00,0.0
2022-03-20 14:00:00,0.3974416298525674
2022-03-20 15:00:00,0.15227334201335907
2022-03-20 16:00:00,0.1965508113304774
2022-03-20 17:00:00,0.1336245983839035
2022-03-20 18:00:00,0.09509432315826416
2022-03-20 19:00:00,0.40542660156885785
2022-03-20 20:00:00,0.05248059545244489
2022-03-20 21:00:00,0.3388632535934448
2022-03-20 22:00:00,0.027268101771672566
2022-03-20 23:00:00,0.16743765771389008
2022-03-21 00:00:00,-0.06828693747520446
2022-03-21 01:00:00,-0.4901771694421768
2022-03-21 02:00:00,0.0792587058884757
2022-03-21 03:00:00,0.0
2022-03-21 04:00:00,0.12931201606988907
2022-03-21 05:00:00,0.0
2022-03-21 06:00:00,0.24236424905913218
2022-03-21 07:00:00,0.21654556194941202
2022-03-21 08:00:00,0.0
2022-03-21 09:00:00,0.0
2022-03-21 10:00:00,0.17278636991977692
2022-03-21 11:00:00,0.13329441845417023
2022-03-21 12:00:00,0.08253718273980278
2022-03-21 13:00:00,0.0
2022-03-21 14:00:00,0.24601673228400095
2022-03-21 15:00:00,0.09875297546386719
2022-03-21 16:00:00,0.303952225617
2022-03-21 17:00:00,-0.06499284505844116
2022-03-21 18:00:00,-0.0527958699635097
2022-03-21 19:00:00,0.1087997317314148
2022-03-21 20:00:00,0.0
2022-03-21 21:00:00,0.24315778017044068
2022-03-21 22:00:00,0.2031012549996376
2022-03-21 23:00:00,0.19738268852233887
2022-03-22 23:00:00,0.0
2022-03-23 00:00:00,0.08627168834209442
2022-03-23 01:00:00,-0.014467978477478027
2022-03-23 02:00:00,0.3732095807790756
2022-03-23 03:00:00,0.12788869440555573
2022-03-23 04:00:00,0.022744272436414446
2022-03-23 05:00:00,-0.9943859577178955
2022-03-23 06:00:00,0.20561350385348
2022-03-23 07:00:00,0.007337534427642822
2022-03-23 08:00:00,0.16545008619626364
2022-03-23 09:00:00,0.10454555068697248
2022-03-23 10:00:00,0.1503739356994629
2022-03-23 11:00:00,0.0
2022-03-23 12:00:00,0.08581706881523132
2022-03-23 13:00:00,0.18781673908233643
2022-03-23 14:00:00,0.012564352580479212
2022-03-23 15:00:00,0.0
2022-03-23 16:00:00,-0.12047194242477417
2022-03-23 17:00:00,0.1698423226674398
2022-03-23 18:00:00,0.09366452693939209
2022-03-23 19:00:00,-0.03657788038253784
2022-03-23 20:00:00,0.0
2022-03-23 21:00:00,0.29487453897794086
2022-03-23 22:00:00,0.0
2022-03-23 23:00:00,0.008420795202255249
2022-03-24 00:00:00,0.0
2022-03-24 01:00:00,0.18008193373680115
2022-03-24 02:00:00,0.0
2022-03-24 03:00:00,0.15902048349380493
2022-03-24 04:00:00,0.1459384024143219
2022-03-24 05:00:00,0.33443668484687805
2022-03-24 06:00:00,-0.09447861313819886
2022-03-24 07:00:00,0.2869258522987366
2022-03-24 08:00:00,0.20230870246887206
2022-03-24 09:00:00,0.060284876823425294
2022-03-24 10:00:00,0.0
2022-03-24 11:00:00,0.19062203168869019
2022-03-24 12:00:00,0.12142636775970458
2022-03-24 13:00:00,0.1803463569709233
2022-03-24 14:00:00,0.0
2022-03-24 15:00:00,0.39627958089113235
2022-03-24 16:00:00,-0.09853348561695643
2022-03-24 17:00:00,-0.026939451694488525
2022-03-24 18:00:00,0.16968034207820892
2022-03-24 19:00:00,0.18477727472782135
2022-03-24 20:00:00,0.3220292776823044
2022-03-24 21:00:00,0.16547134518623352
2022-03-24 22:00:00,0.09365493059158325
2022-03-24 23:00:00,0.19077000447681972
2022-04-13 12:00:00,0.03787199940000262
2022-04-13 13:00:00,0.2032341162363688
2022-04-13 14:00:00,0.3508835881948471
2022-04-13 15:00:00,0.24333574374516806
2022-04-13 16:00:00,0.15149490038553873
2022-04-13 17:00:00,0.21018192597797938
2022-04-13 18:00:00,0.12552762031555176
2022-04-13 19:00:00,0.5391940176486969
2022-04-13 20:00:00,0.151204913854599
2022-04-13 21:00:00,0.3639466464519501
2022-04-13 22:00:00,0.2968139052391052
2022-04-13 23:00:00,0.1504286229610443
2022-04-14 00:00:00,0.020534048477808636
2022-04-14 01:00:00,-0.3023964961369832
2022-04-14 02:00:00,0.2695134537560599
2022-04-14 03:00:00,0.0
2022-04-14 04:00:00,0.1673701604207357
2022-04-14 05:00:00,0.09232467412948608
2022-04-14 06:00:00,0.36713465452194216
2022-04-14 07:00:00,0.21659062306086221
2022-04-14 08:00:00,0.10861273854970932
2022-04-14 09:00:00,0.173317551612854
2022-04-14 10:00:00,0.2102591037750244
2022-04-14 11:00:00,0.0
2022-04-14 12:00:00,0.1108984284930759
2022-04-14 13:00:00,0.4951038956642151
2022-04-14 14:00:00,0.3169900178909302
2022-04-14 15:00:00,0.20342925786972046
2022-04-14 16:00:00,0.11199178298314412
2022-04-14 17:00:00,0.0
2022-04-14 18:00:00,0.2103181779384613
2022-04-14 19:00:00,0.2906652092933655
2022-04-14 20:00:00,0.0
2022-04-14 21:00:00,0.2737837533156077
2022-04-14 22:00:00,0.0
2022-04-14 23:00:00,0.09695268528802055
2022-04-15 00:00:00,0.25465097030003864
2022-04-15 01:00:00,0.0
2022-04-15 02:00:00,0.12061136215925217
2022-04-15 03:00:00,0.0
2022-04-15 04:00:00,0.4080573618412018
2022-04-15 05:00:00,0.08681662380695343
2022-04-15 06:00:00,0.27931733429431915
2022-04-15 07:00:00,0.12072674036026002
2022-04-15 08:00:00,0.0
2022-04-15 09:00:00,0.3457859924861363
2022-04-15 10:00:00,0.0
2022-04-15 11:00:00,0.0
2022-04-15 12:00:00,0.3125203549861908
2022-04-15 13:00:00,0.09209070603052776
2022-04-15 14:00:00,-0.08423326015472413
2022-04-15 15:00:00,0.38641812801361086
2022-04-15 16:00:00,0.07535383850336075
2022-04-15 17:00:00,0.11050662994384766
2022-04-15 18:00:00,-0.31524111827214557
2022-04-15 19:00:00,-0.1535857617855072
2022-04-15 20:00:00,0.23726169930564034
2022-04-15 21:00:00,-0.19444241126378378
2022-04-15 22:00:00,0.15222057104110717
2022-04-15 23:00:00,0.0
2022-04-16 00:00:00,0.17263172070185342
2022-04-16 01:00:00,0.5057654082775116
2022-04-16 02:00:00,0.1682852336338588
2022-04-16 03:00:00,0.2441056172053019
2022-04-16 04:00:00,0.30795884132385254
2022-04-16 05:00:00,0.3313918610413869
2022-04-16 06:00:00,0.5498941540718079
2022-04-16 07:00:00,0.06496366858482361
2022-04-16 08:00:00,0.2730652242898941
2022-04-16 09:00:00,0.16125138103961945
2022-04-16 10:00:00,-0.08953861892223358
2022-04-16 11:00:00,0.1349915067354838
2022-04-16 12:00:00,0.18147054314613342
2022-04-16 13:00:00,0.0
2022-04-16 14:00:00,0.20032820531300136
2022-04-16 15:00:00,0.5124745567639669
2022-04-16 16:00:00,0.19787773489952087
2022-04-16 17:00:00,0.2659415304660797
2022-04-16 18:00:00,0.23075144489606222
2022-04-16 19:00:00,0.2772965431213379
2022-04-16 20:00:00,0.25224999870572773
2022-04-16 21:00:00,0.34184373915195465
2022-04-16 22:00:00,0.05659586853451199
2022-04-16 23:00:00,0.0
2022-04-17 18:00:00,0.0
2022-04-17 19:00:00,0.1249807596206665
2022-04-17 20:00:00,0.0
2022-04-17 21:00:00,0.18105576634407045
2022-04-17 22:00:00,0.2720245250633785
2022-04-17 23:00:00,0.0
2022-04-18 00:00:00,0.10212623221533638
2022-04-18 01:00:00,0.20141607522964478
2022-04-18 02:00:00,0.0
2022-04-18 03:00:00,0.3582649401256016
2022-04-18 05:00:00,0.02077483468585544
2022-04-18 06:00:00,0.0
2022-04-18 07:00:00,-0.05036781231562296
2022-04-18 08:00:00,0.0
2022-04-18 09:00:00,0.15690669417381287
2022-04-18 10:00:00,0.1871599294245243
2022-04-18 11:00:00,-0.1850310762723287
2022-04-18 12:00:00,0.296941801905632
2022-04-18 13:00:00,0.0
2022-04-18 14:00:00,0.0987240731716156
2022-04-18 15:00:00,0.2383661150932312
2022-04-18 16:00:00,0.2892079012734549
2022-04-18 17:00:00,0.3015632629394531
2022-04-18 18:00:00,0.1311635971069336
2022-04-18 19:00:00,0.121085524559021
2022-04-18 20:00:00,-0.008175561825434366
2022-04-18 21:00:00,0.16049426794052124
2022-04-18 22:00:00,0.30119524399439496
2022-04-18 23:00:00,0.0
2022-04-19 00:00:00,0.0
2022-04-19 01:00:00,0.13827671276198494
2022-04-19 02:00:00,0.0
2022-04-19 03:00:00,0.023158937692642212
2022-04-19 04:00:00,0.3337046205997467
2022-04-19 05:00:00,0.010627247393131256
2022-04-19 06:00:00,0.0987240731716156
2022-04-19 07:00:00,-0.11577218770980835
2022-04-19 08:00:00,0.20383425056934357
2022-04-19 09:00:00,0.006160520017147064
2022-04-19 10:00:00,-0.06348393857479095
2022-04-19 11:00:00,0.0
2022-04-19 12:00:00,0.15959495306015015
2022-04-19 13:00:00,0.16994577646255493
2022-04-19 14:00:00,0.15151600539684296
2022-04-19 15:00:00,0.10747910539309184
2022-04-19 16:00:00,-0.06980928778648376
2022-04-19 17:00:00,0.0
2022-04-19 18:00:00,0.19265186414122581
2022-04-19 19:00:00,0.22388418515523276
2022-04-19 20:00:00,0.23869985342025757
2022-04-19 21:00:00,0.2401018261909485
2022-04-19 22:00:00,0.2346604069073995
2022-04-19 23:00:00,0.014429634809494019
2022-04-20 17:00:00,0.009369879961013794
2022-04-20 18:00:00,0.14468708634376526
2022-04-20 19:00:00,0.5412712097167969
2022-04-20 20:00:00,0.0
2022-04-20 21:00:00,0.29629023586000713
2022-04-20 22:00:00,0.3128549704949061
2022-04-20 23:00:00,0.3008156844547817
2022-04-21 12:00:00,-0.05876228544447157
2022-04-21 13:00:00,0.248518168926239
2022-04-21 14:00:00,0.0
2022-04-21 15:00:00,0.09554220239321391
2022-04-21 16:00:00,0.375246395667394
2022-04-21 17:00:00,0.0736752524971962
2022-04-21 18:00:00,0.6117394665877024
2022-04-21 19:00:00,0.1309863030910492
2022-04-21 20:00:00,0.16219022870063782
2022-04-21 21:00:00,0.2908631478037153
2022-04-21 22:00:00,0.11302906274795532
2022-04-21 23:00:00,0.0
2022-04-22 07:00:00,0.0
2022-04-22 08:00:00,0.0
2022-04-22 09:00:00,0.0
2022-04-22 10:00:00,0.2121668060620626
2022-04-22 11:00:00,0.0
2022-04-22 12:00:00,0.2670357988940345
2022-04-22 13:00:00,0.12017663717269897
2022-04-22 14:00:00,0.10030957460403442
2022-04-22 15:00:00,0.23359376192092896
2022-04-22 16:00:00,0.18600704272588095
2022-04-22 17:00:00,0.14576988220214843
2022-04-22 18:00:00,0.24315009713172914
2022-04-22 19:00:00,0.11403063535690308
2022-04-22 20:00:00,0.22082199454307555
2022-04-22 21:00:00,0.17794914756502425
2022-04-22 22:00:00,0.0987240731716156
2022-04-22 23:00:00,0.11584621667861938
2022-04-27 21:00:00,0.1713814934094747
2022-04-27 22:00:00,-0.13909447193145752
2022-04-27 23:00:00,0.2542684759412493
2022-04-28 00:00:00,0.0
2022-04-28 01:00:00,0.2123599171638489
2022-04-28 02:00:00,0.1554031457219805
2022-04-28 03:00:00,0.0
2022-04-28 04:00:00,0.0
2022-04-28 05:00:00,0.20602603629231453
2022-04-28 06:00:00,0.2565499544143677
2022-04-28 07:00:00,0.0
2022-04-28 08:00:00,0.22023853063583373
2022-04-28 09:00:00,0.10495710372924805
2022-04-28 10:00:00,0.091142604748408
2022-04-28 11:00:00,0.0
2022-04-28 12:00:00,0.16798762764249528
2022-04-28 13:00:00,0.0
2022-04-28 14:00:00,0.09544544667005539
2022-04-28 15:00:00,0.0
2022-04-28 16:00:00,0.0
2022-04-28 17:00:00,-0.12831804901361465
2022-04-28 18:00:00,0.2455187439918518
2022-04-28 19:00:00,0.0
2022-04-28 20:00:00,0.20381035407384238
2022-04-28 21:00:00,0.0
2022-04-28 22:00:00,0.0
2022-04-28 23:00:00,0.0
2022-04-29 00:00:00,0.21065860986709595
2022-04-29 01:00:00,-0.163891738653183
2022-04-29 02:00:00,-0.21018723398447037
2022-04-29 03:00:00,0.20762916405995688
2022-04-29 04:00:00,0.2388264298439026
2022-04-29 05:00:00,0.04672789201140404
2022-04-29 06:00:00,0.0
2022-04-29 07:00:00,0.24509400129318237
2022-04-29 08:00:00,0.0919846494992574
2022-04-29 09:00:00,-0.24262937903404236
2022-04-29 10:00:00,0.29251362880071
2022-04-29 11:00:00,0.05487280232565744
2022-04-29 12:00:00,0.21656944354375204
2022-04-29 13:00:00,0.0
2022-04-29 14:00:00,0.28102900832891464
2022-04-29 15:00:00,0.27982802391052247
2022-04-29 16:00:00,-0.27964556217193604
2022-04-29 17:00:00,0.29737324714660646
2022-04-29 18:00:00,0.14688116312026978
2022-04-29 19:00:00,0.0
2022-04-29 20:00:00,0.15425362437963486
2022-04-29 21:00:00,-0.01719595988591512
2022-04-29 22:00:00,0.2802114486694336
2022-04-29 23:00:00,0.2413539191087087
2022-04-30 00:00:00,0.03446441888809204
2022-04-30 01:00:00,0.0
2022-04-30 02:00:00,0.10564591487248738
2022-04-30 03:00:00,0.15591405828793845
2022-04-30 04:00:00,0.0
2022-04-30 05:00:00,-0.022687271237373352
2022-04-30 06:00:00,0.0
2022-04-30 07:00:00,0.19122174382209778
2022-04-30 08:00:00,-0.3905017226934433
2022-04-30 09:00:00,0.060427854458491005
2022-04-30 10:00:00,0.26793792843818665
2022-04-30 11:00:00,0.07655369383948189
2022-04-30 12:00:00,0.4009264366967337
2022-04-30 13:00:00,0.0
2022-04-30 14:00:00,0.0
2022-04-30 15:00:00,0.07446361439568656
2022-04-30 16:00:00,0.1208050549030304
2022-04-30 17:00:00,0.2512872133936201
2022-04-30 18:00:00,0.0
2022-04-30 19:00:00,0.31259557604789734
2022-04-30 20:00:00,0.18354058265686035
2022-04-30 21:00:00,-0.22352881729602814
2022-04-30 22:00:00,0.15719283372163773
2022-04-30 23:00:00,0.20638781785964966
2022-05-01 00:00:00,-0.04331674178441366
2022-05-01 01:00:00,0.0
2022-05-01 02:00:00,0.09491323431332906
2022-05-01 03:00:00,0.47863276515688213
2022-05-01 04:00:00,0.0
2022-05-01 05:00:00,-0.030421515305836994
2022-05-01 06:00:00,0.20234968264897665
2022-05-01 07:00:00,0.1660695927483695
2022-05-01 08:00:00,0.33254802227020264
2022-05-01 09:00:00,0.10512224435806275
2022-05-01 10:00:00,0.14548294246196747
2022-05-01 11:00:00,0.10757431813648768
2022-05-01 12:00:00,0.14764808118343353
2022-05-01 13:00:00,0.2508290608723958
2022-05-01 14:00:00,0.4719279905160268
2022-05-01 15:00:00,-0.08930321335792542
2022-05-01 16:00:00,0.13407032191753387
2022-05-01 17:00:00,0.3817375699679057
2022-05-01 18:00:00,0.1228713870048523
2022-05-01 19:00:00,0.4288588563601176
2022-05-01 20:00:00,0.08361352483431499
2022-05-01 21:00:00,0.0
2022-05-01 22:00:00,0.0
2022-05-01 23:00:00,0.16092135508855185
2022-05-02 06:00:00,0.0
2022-05-02 07:00:00,0.21237772703170776
2022-05-02 08:00:00,-0.034390270709991455
2022-05-02 09:00:00,0.16038307121821813
2022-05-02 10:00:00,0.2029982954263687
2022-05-02 11:00:00,0.2274815241495768
2022-05-02 12:00:00,0.12120157480239868
2022-05-02 13:00:00,0.0
2022-05-02 14:00:00,0.0575831929842631
2022-05-02 15:00:00,0.2770256797472636
2022-05-02 16:00:00,0.0
2022-05-02 17:00:00,0.0
2022-05-02 18:00:00,0.13147833347320556
2022-05-02 19:00:00,-0.041689932346343994
2022-05-02 20:00:00,0.18071142435073853
2022-05-02 21:00:00,-0.07605649530887604
2022-05-02 22:00:00,0.3269416749477386
2022-05-02 23:00:00,0.21447177728017172
2022-05-10 17:00:00,0.43767066796620685
2022-05-10 18:00:00,0.27978441715240476
2022-05-10 19:00:00,0.1759684681892395
2022-05-10 20:00:00,0.0
2022-05-10 21:00:00,0.0
2022-05-10 22:00:00,0.20448567867279052
2022-05-10 23:00:00,0.27441965937614443
2022-05-11 15:00:00,0.33871082961559296
2022-05-11 16:00:00,0.24971954027811685
2022-05-11 17:00:00,0.12507597208023072
2022-05-11 18:00:00,0.1637753290789468
2022-05-11 19:00:00,0.2589620351791382
2022-05-11 20:00:00,0.15336968004703522
2022-05-11 21:00:00,-0.14952776432037354
2022-05-11 22:00:00,0.1981975038846334
2022-05-11 23:00:00,0.16009955604871115
2022-05-12 00:00:00,0.16719539960225424
2022-05-12 01:00:00,-0.029983222484588623
2022-05-12 02:00:00,0.04375636577606201
2022-05-12 03:00:00,-0.19081151485443115
2022-05-12 04:00:00,0.3083624765276909
2022-05-12 05:00:00,-0.02536889910697937
2022-05-12 06:00:00,-0.09449378649393718
2022-05-12 07:00:00,-0.29924259185791013
2022-05-12 08:00:00,0.4365246295928955
2022-05-12 09:00:00,0.30423901975154877
2022-05-12 10:00:00,0.1520579755306244
2022-05-12 11:00:00,0.0
2022-05-12 12:00:00,0.2667020261287689
2022-05-12 13:00:00,0.35799111127853395
2022-05-12 14:00:00,0.2448176383972168
2022-05-12 15:00:00,0.31852502482278006
2022-05-12 16:00:00,0.08763981716973442
2022-05-12 17:00:00,0.0
2022-05-12 18:00:00,0.3826676085591316
2022-05-12 19:00:00,0.2902575612068176
2022-05-12 20:00:00,0.5226771354675293
2022-05-12 21:00:00,0.0
2022-05-12 22:00:00,0.25493161545859444
2022-05-12 23:00:00,0.0
2022-05-13 00:00:00,0.12635136975182426
2022-05-13 01:00:00,0.1264053781827291
2022-05-13 02:00:00,0.0
2022-05-13 03:00:00,-0.13942466463361466
2022-05-13 04:00:00,0.0
2022-05-13 05:00:00,0.07260540872812271
2022-05-13 06:00:00,0.1585543632507324
2022-05-13 07:00:00,0.11706908543904622
2022-05-13 08:00:00,0.4623502343893051
2022-05-13 09:00:00,-0.06004692614078522
2022-05-13 10:00:00,0.32535483439763385
2022-05-13 11:00:00,0.0
2022-05-13 12:00:00,0.3128114938735962
2022-05-13 13:00:00,-0.0015049457550048828
2022-05-13 14:00:00,0.0
2022-05-13 15:00:00,0.30524752140045164
2022-05-13 16:00:00,0.20449290672938028
2022-05-13 17:00:00,0.4213539846241474
2022-05-13 18:00:00,0.0
2022-05-13 19:00:00,-0.007978811860084534
2022-05-13 20:00:00,0.0
2022-05-13 21:00:00,0.3028412130143907
2022-05-13 22:00:00,0.16404972970485687
2022-05-13 23:00:00,-0.01947230100631714
2022-05-22 07:00:00,0.1755782961845398
2022-05-22 08:00:00,0.26990805864334105
2022-05-22 09:00:00,0.21835400660832724
2022-05-22 10:00:00,0.0
2022-05-22 11:00:00,0.0
2022-05-22 12:00:00,0.39006236621311735
2022-05-22 13:00:00,0.15815438330173492
2022-05-22 14:00:00,0.17710816860198975
2022-05-22 15:00:00,0.08350355284554618
2022-05-22 16:00:00,0.0
2022-05-22 17:00:00,0.0
2022-05-22 18:00:00,0.07816905634743827
2022-05-22 19:00:00,0.1779462844133377
2022-05-22 20:00:00,0.11361937863486153
2022-05-22 21:00:00,0.19855085015296936
2022-05-22 22:00:00,-0.2410120666027069
2022-05-22 23:00:00,0.140411290857527
2022-05-23 19:00:00,-0.9385589361190796
2022-05-23 20:00:00,0.23835734810147965
2022-05-23 21:00:00,0.12914636731147766
2022-05-23 22:00:00,-0.04876642567770822
2022-05-23 23:00:00,0.22446746627489725
2022-05-24 13:00:00,0.2912353575229645
2022-05-24 14:00:00,0.0877597417150225
2022-05-24 15:00:00,0.17271270354588827
2022-05-24 16:00:00,0.12555527687072754
2022-05-24 17:00:00,0.0
2022-05-24 18:00:00,0.3222601115703583
2022-05-24 19:00:00,0.27238513231277467
2022-05-24 20:00:00,0.0
2022-05-24 21:00:00,0.0
2022-05-24 22:00:00,0.11175016562143962
2022-05-24 23:00:00,0.20514416032367283
2022-05-25 12:00:00,0.0
2022-05-25 13:00:00,0.17197023119245256
2022-05-25 14:00:00,0.0
2022-05-25 15:00:00,0.30231858789920807
2022-05-25 16:00:00,0.4578363100687663
2022-05-25 17:00:00,0.12214490175247192
2022-05-25 18:00:00,0.2008784313996633
2022-05-25 19:00:00,0.3780019760131836
2022-05-25 20:00:00,0.1164957582950592
2022-05-25 21:00:00,0.09886956214904785
2022-05-25 22:00:00,0.0
2022-05-25 23:00:00,0.10395422246721056
2022-05-26 00:00:00,0.2259583274523417
2022-05-26 01:00:00,0.10224645336469014
2022-05-26 02:00:00,0.264070063829422
2022-05-26 03:00:00,-0.012842748846326555
2022-05-26 04:00:00,0.0
2022-05-26 05:00:00,0.09140541818406847
2022-05-26 06:00:00,0.0
2022-05-26 07:00:00,0.017413863113948276
2022-05-26 08:00:00,-0.27991857528686526
2022-05-26 09:00:00,-0.03814303023474557
2022-05-26 10:00:00,0.10454431921243668
2022-05-26 11:00:00,-0.21891190111637115
2022-05-26 12:00:00,0.10789898037910461
2022-05-26 13:00:00,0.15281711518764496
2022-05-26 14:00:00,0.016709838594709123
2022-05-26 15:00:00,0.13193075358867645
2022-05-26 16:00:00,0.22490758895874025
2022-05-26 17:00:00,0.12308791875839234
2022-05-26 18:00:00,0.15923137068748475
2022-05-26 19:00:00,0.0
2022-05-26 20:00:00,0.09109953045845032
2022-05-26 21:00:00,0.21444942553838095
2022-05-26 22:00:00,-0.00033414363861083984
2022-05-26 23:00:00,-0.06265704120908465
2022-05-27 14:00:00,0.060331493616104126
2022-05-27 15:00:00,0.24241992831230164
2022-05-27 16:00:00,-0.14025866985321045
2022-05-27 17:00:00,0.4661638379096985
2022-05-27 18:00:00,-0.029822099208831786
2022-05-27 19:00:00,0.22371845444043478
2022-05-27 20:00:00,0.2027940352757772
2022-05-27 21:00:00,0.18117621115275792
2022-05-27 22:00:00,0.3346642404794693
2022-05-27 23:00:00,0.11945673078298569
2022-05-28 19:00:00,0.37674480676651
2022-05-28 20:00:00,-0.19622794389724732
2022-05-28 21:00:00,0.23636434078216553
2022-05-28 22:00:00,0.0
2022-05-28 23:00:00,-0.06362341557230268
2022-05-29 11:00:00,0.09142377546855382
2022-05-29 12:00:00,0.4598456621170044
2022-05-29 13:00:00,0.3488097276006426
2022-05-29 14:00:00,0.15336968004703522
2022-05-29 15:00:00,-0.18531899452209472
2022-05-29 16:00:00,0.0
2022-05-29 17:00:00,-0.006397119590214321
2022-05-29 18:00:00,-0.18349790573120117
2022-05-29 19:00:00,-0.14702980717023215
2022-05-29 20:00:00,0.25484887361526487
2022-05-29 21:00:00,0.08374615510304768
2022-05-29 22:00:00,0.23255356152852377
2022-05-29 23:00:00,0.07679381635453966
2022-05-30 00:00:00,0.0
2022-05-30 01:00:00,-0.10603916645050049
2022-05-30 02:00:00,0.40321147441864014
2022-05-30 03:00:00,0.142441725730896
2022-05-30 04:00:00,0.0
2022-05-30 05:00:00,0.1827735730579921
2022-05-30 06:00:00,0.3635484457015991
2022-05-30 07:00:00,0.10800132751464844
2022-05-30 08:00:00,0.23771958691733225
2022-05-30 09:00:00,-0.28868991136550903
2022-05-30 10:00:00,0.0
2022-05-30 11:00:00,0.11565890312194824
2022-05-30 12:00:00,0.3107236921787262
2022-05-30 13:00:00,0.14278534054756165
2022-05-30 14:00:00,0.0
2022-05-30 15:00:00,0.17242320946284703
2022-05-30 16:00:00,0.0
2022-05-30 17:00:00,0.09329143166542053
2022-05-30 18:00:00,-0.01479334831237793
2022-05-30 19:00:00,0.1175197720527649
2022-05-30 20:00:00,0.10820572376251221
2022-05-30 21:00:00,0.0
2022-05-30 22:00:00,0.2827845573425293
2022-05-30 23:00:00,0.2791293263435364
2022-05-31 00:00:00,0.265202596783638
2022-05-31 01:00:00,0.40931862592697144
2022-05-31 02:00:00,-0.015894398093223572
2022-05-31 03:00:00,0.17117230594158173
2022-05-31 04:00:00,0.15873050689697266
2022-05-31 05:00:00,-0.13567018508911133
2022-05-31 06:00:00,0.34166412949562075
2022-05-31 07:00:00,0.30360403656959534
2022-05-31 08:00:00,0.11288138230641682
2022-05-31 09:00:00,0.1577727198600769
2022-05-31 10:00:00,0.11883574724197388
2022-05-31 11:00:00,0.17156652609507242
2022-05-31 12:00:00,0.0829885999361674
2022-05-31 13:00:00,0.0
2022-05-31 14:00:00,0.16748254166709053
2022-05-31 15:00:00,0.2778836786746979
2022-05-31 16:00:00,0.07928297349384852
2022-05-31 17:00:00,0.3013024479150772
2022-05-31 18:00:00,0.12040593226750691
2022-05-31 19:00:00,0.0
2022-05-31 20:00:00,0.001897108554840088
2022-05-31 21:00:00,0.10130925178527832
2022-05-31 22:00:00,0.05304256677627563
2022-05-31 23:00:00,0.12344193458557129
2022-06-01 00:00:00,0.08542713522911072
2022-06-01 01:00:00,0.2566827138264974
2022-06-01 02:00:00,0.36783706290381296
2022-06-01 03:00:00,0.0
2022-06-01 04:00:00,0.0
2022-06-01 05:00:00,-0.12520516770226614
2022-06-01 06:00:00,0.0
2022-06-01 07:00:00,-0.06216932336489359
2022-06-01 08:00:00,0.09357097319194249
2022-06-01 09:00:00,-0.05670342445373535
2022-06-01 10:00:00,0.274840784072876
2022-06-01 11:00:00,-0.18358776569366456
2022-06-01 12:00:00,0.0
2022-06-01 13:00:00,0.23896701335906984
2022-06-01 14:00:00,0.2913416624069214
2022-06-01 15:00:00,0.0
2022-06-01 16:00:00,0.19353310550962174
2022-06-01 17:00:00,0.0
2022-06-01 18:00:00,0.10568251609802246
2022-06-01 19:00:00,0.12024906277656555
2022-06-01 20:00:00,0.12069151401519776
2022-06-01 21:00:00,0.14773071805636087
2022-06-01 22:00:00,0.10683950185775756
2022-06-01 23:00:00,-0.04194951802492142
2022-06-02 15:00:00,-0.3057888150215149
2022-06-02 16:00:00,0.24268503189086915
2022-06-02 17:00:00,0.0
2022-06-02 18:00:00,0.34559403856595355
2022-06-02 19:00:00,0.09683045148849487
2022-06-02 20:00:00,0.0
2022-06-02 21:00:00,0.09208178520202637
2022-06-02 22:00:00,0.195367169380188
2022-06-02 23:00:00,0.0
2022-06-03 01:00:00,0.3897297531366348
2022-06-03 02:00:00,0.17670804262161255
2022-06-03 03:00:00,0.0
2022-06-03 04:00:00,-0.00819706916809082
2022-06-03 05:00:00,0.034010469913482666
2022-06-03 06:00:00,0.20517593622207642
2022-06-03 07:00:00,0.4386068731546402
2022-06-03 08:00:00,-0.07121995517185756
2022-06-03 09:00:00,0.17714829444885255
2022-06-03 10:00:00,0.1509501338005066
2022-06-03 11:00:00,0.1218847135702769
2022-06-03 12:00:00,0.18140625953674316
2022-06-03 13:00:00,0.13617534637451173
2022-06-03 14:00:00,0.0
2022-06-03 15:00:00,0.08400201797485352
2022-06-03 16:00:00,0.1611206829547882
2022-06-03 17:00:00,0.0810984458242144
2022-06-03 18:00:00,0.3064641058444977
2022-06-03 19:00:00,0.37380872666835785
2022-06-03 20:00:00,0.0
2022-06-03 21:00:00,0.11482042074203491
2022-06-03 22:00:00,0.0
2022-06-03 23:00:00,0.0
2022-06-04 17:00:00,0.3811955451965332
2022-06-04 18:00:00,0.10532253235578537
2022-06-04 19:00:00,-0.16395097970962524
2022-06-04 20:00:00,0.0
2022-06-04 21:00:00,0.12992962201436362
2022-06-04 22:00:00,0.10224645336469014
2022-06-04 23:00:00,0.0
2022-06-14 11:00:00,0.42566365003585815
2022-06-14 12:00:00,0.11772316694259644
2022-06-14 13:00:00,-0.06238220419202532
2022-06-14 14:00:00,-0.18772345781326294
2022-06-14 15:00:00,0.12790549993515016
2022-06-14 16:00:00,0.07530292442866734
2022-06-14 17:00:00,0.1781899780035019
2022-06-14 18:00:00,0.1589955985546112
2022-06-14 19:00:00,0.3028803567091624
2022-06-14 20:00:00,-0.08835004568099976
2022-06-14 21:00:00,0.0
2022-06-14 22:00:00,0.2474026381969452
2022-06-14 23:00:00,0.3008951395750046
2022-06-15 00:00:00,0.1714122976575579
2022-06-15 01:00:00,-0.18555588722229005
2022-06-15 02:00:00,0.18862466514110565
2022-06-15 03:00:00,0.0
2022-06-15 04:00:00,0.14774581789970398
2022-06-15 05:00:00,-0.01472922166188558
2022-06-15 06:00:00,0.0
2022-06-15 07:00:00,0.030691176652908325
2022-06-15 08:00:00,0.12791845798492432
2022-06-15 09:00:00,-0.06862339973449708
2022-06-15 10:00:00,0.1492358684539795
2022-06-15 11:00:00,0.0
2022-06-15 12:00:00,0.09430554509162903
2022-06-15 13:00:00,-0.027314162254333495
2022-06-15 14:00:00,-0.07942124828696251
2022-06-15 15:00:00,0.0
2022-06-15 16:00:00,0.0
2022-06-15 17:00:00,-0.1420306364695231
2022-06-15 18:00:00,-0.07676680684089661
2022-06-15 19:00:00,-0.23991410434246063
2022-06-15 20:00:00,0.08360439166426659
2022-06-15 21:00:00,0.13103376825650534
2022-06-15 22:00:00,0.2808907826741536
2022-06-15 23:00:00,0.24094420671463013
2022-06-17 05:00:00,0.2714795668919881
2022-06-17 06:00:00,0.050455141067504886
2022-06-17 07:00:00,0.23500263690948486
2022-06-17 08:00:00,0.2162342071533203
2022-06-17 09:00:00,0.420475447177887
2022-06-17 10:00:00,6.728172302246093e-05
2022-06-17 11:00:00,0.0
2022-06-17 12:00:00,-0.324639489253362
2022-06-17 13:00:00,0.0
2022-06-17 14:00:00,0.2568538983662923
2022-06-17 15:00:00,0.0
2022-06-17 16:00:00,0.10951268672943115
2022-06-17 17:00:00,0.11019037167231242
2022-06-17 18:00:00,0.3600338598092397
2022-06-17 19:00:00,-0.23167776465415954
2022-06-17 20:00:00,0.2668986558914185
2022-06-17 21:00:00,0.2433979014555613
2022-06-17 22:00:00,-0.060724854469299316
2022-06-17 23:00:00,-0.012433871626853943
2022-06-18 00:00:00,0.0
2022-06-18 01:00:00,0.17004479467868805
2022-06-18 02:00:00,0.07689236601193745
2022-06-18 03:00:00,0.0
2022-06-18 04:00:00,0.24420064687728882
2022-06-18 05:00:00,0.0
2022-06-18 06:00:00,0.10297643144925435
2022-06-18 07:00:00,-0.01739131212234497
2022-06-18 08:00:00,-0.09222568571567535
2022-06-18 09:00:00,0.4395349423090617
2022-06-18 10:00:00,0.08732139070828755
2022-06-18 11:00:00,0.21317626535892487
2022-06-18 12:00:00,0.17720980942249298
2022-06-18 13:00:00,0.10702182565416608
2022-06-18 14:00:00,-0.1857151836156845
2022-06-18 15:00:00,-0.16102449595928192
2022-06-18 16:00:00,0.1777808964252472
2022-06-18 17:00:00,-0.2613701820373535
2022-06-18 18:00:00,0.26561751365661623
2022-06-18 19:00:00,0.0
2022-06-18 20:00:00,0.0
2022-06-18 21:00:00,0.05239556233088175
2022-06-18 22:00:00,0.2306523084640503
2022-06-18 23:00:00,0.0
2022-06-19 00:00:00,0.23556573688983917
2022-06-19 01:00:00,0.0
2022-06-19 02:00:00,-0.04401245287486485
2022-06-19 03:00:00,0.4047471483548482
2022-06-19 04:00:00,0.0
2022-06-19 05:00:00,0.055292267352342606
2022-06-19 06:00:00,0.1918355425198873
2022-06-19 07:00:00,-0.1797257423400879
2022-06-19 08:00:00,0.06990239769220352
2022-06-19 09:00:00,-0.3078348437945048
2022-06-19 10:00:00,-0.06231269836425781
2022-06-19 11:00:00,0.10127469301223754
2022-06-19 12:00:00,0.0
2022-06-19 13:00:00,0.09517924785614014
2022-06-19 14:00:00,0.01687816083431244
2022-06-23 04:00:00,0.0
2022-06-23 05:00:00,-0.10955452173948288
2022-06-23 06:00:00,0.2529431164264679
2022-06-23 07:00:00,0.21353289484977722
2022-06-23 08:00:00,0.15216055938175746
2022-06-23 09:00:00,0.3089844882488251
2022-06-23 10:00:00,0.39892510175704954
2022-06-23 11:00:00,0.14687061309814453
2022-06-23 12:00:00,0.01127090553442637
2022-06-23 13:00:00,0.0
2022-06-23 14:00:00,0.2304387167096138
2022-06-23 15:00:00,0.0
2022-06-23 16:00:00,0.18568651378154755
2022-06-23 17:00:00,0.11662011345227559
2022-06-23 18:00:00,0.2657628655433655
2022-06-23 19:00:00,0.08516371250152588
2022-06-23 20:00:00,0.2933939218521118
2022-06-23 21:00:00,0.0
2022-06-23 22:00:00,0.2107236385345459
2022-06-23 23:00:00,0.019523844122886658
2022-06-24 16:00:00,0.11605702340602875
2022-06-24 17:00:00,-0.20579521358013153
2022-06-24 18:00:00,0.0
2022-06-24 19:00:00,0.3479296912749608
2022-06-24 20:00:00,0.1505546122789383
2022-06-24 21:00:00,-0.0888320973941258
2022-06-24 22:00:00,0.6108994781970978
2022-06-24 23:00:00,-0.1290680393576622
2022-06-25 00:00:00,-0.37718935012817384
2022-06-25 01:00:00,0.13382365703582763
2022-06-25 02:00:00,0.4197919487953186
2022-06-25 03:00:00,0.4164152145385742
2022-06-25 04:00:00,0.4004252254962921
2022-06-25 05:00:00,0.2744443342089653
2022-06-25 06:00:00,0.35646453003088635
2022-06-25 07:00:00,-0.0632295235991478
2022-06-25 08:00:00,0.013192176818847656
2022-06-25 09:00:00,0.24791643023490906
2022-06-25 10:00:00,0.019119272629419964
2022-06-25 11:00:00,0.14754605293273926
2022-06-25 12:00:00,0.251178503036499
2022-06-25 13:00:00,0.2667900323867798
2022-06-25 14:00:00,0.13235663175582885
2022-06-25 15:00:00,0.16429245471954346
2022-06-25 16:00:00,0.0
2022-06-25 17:00:00,0.18936247626940408
2022-06-25 18:00:00,-0.08000528812408447
2022-06-25 19:00:00,0.09264447291692098
2022-06-25 20:00:00,0.11659349004427592
2022-06-25 21:00:00,0.40984176099300385
2022-06-25 22:00:00,0.2525683542092641
2022-06-25 23:00:00,0.1275038719177246
2022-06-26 00:00:00,0.0
2022-06-26 01:00:00,0.003642462193965912
2022-06-26 02:00:00,0.46892155706882477
2022-06-26 03:00:00,0.09121991197268169
2022-06-26 05:00:00,0.10007181763648987
2022-06-26 06:00:00,-0.13561282555262247
2022-06-26 07:00:00,0.07414122138704572
2022-06-26 08:00:00,-0.11002018451690673
2022-06-26 09:00:00,0.22169283628463746
2022-06-26 10:00:00,0.13515784740447997
2022-06-26 11:00:00,0.0
2022-06-26 12:00:00,0.28724272052447003
2022-06-26 13:00:00,0.6494480967521667
2022-06-26 14:00:00,0.12889694505267674
2022-06-26 15:00:00,0.07410228252410889
2022-06-26 16:00:00,0.3653107285499573
2022-06-26 17:00:00,0.32421355446179706
2022-06-26 18:00:00,0.20823931097984313
2022-06-26 19:00:00,0.0
2022-06-26 20:00:00,0.16734349727630615
2022-06-26 21:00:00,0.09716540575027466
2022-06-26 22:00:00,0.08254758516947429
2022-06-26 23:00:00,0.20530662685632706
2022-06-28 13:00:00,0.04753787815570831
2022-06-28 14:00:00,-0.03470886747042338
2022-06-28 15:00:00,0.6484798192977905
2022-06-28 16:00:00,0.19744735956192017
2022-06-28 17:00:00,0.19955467326300486
2022-06-28 18:00:00,0.39109554290771487
2022-06-28 19:00:00,0.417748486995697
2022-06-28 20:00:00,0.0
2022-06-28 21:00:00,0.13007650772730509
2022-06-28 22:00:00,-0.4939578175544739
2022-06-28 23:00:00,0.0865292019314236
2022-06-29 00:00:00,0.01942497491836548
2022-06-29 01:00:00,0.20325413346290588
2022-06-29 02:00:00,0.5275808175404867
2022-06-29 03:00:00,0.019917890429496765
2022-06-29 04:00:00,-0.5006452202796936
2022-06-29 05:00:00,-0.0876436173915863
2022-06-29 06:00:00,-0.6071683764457703
2022-06-29 07:00:00,0.10832997730800084
2022-06-29 08:00:00,0.2160014510154724
2022-06-29 09:00:00,0.20696601271629333
2022-06-29 10:00:00,0.2874744137128194
2022-06-29 11:00:00,0.339112788438797
2022-06-29 12:00:00,0.23455249071121215
2022-06-29 13:00:00,0.5324524492025375
2022-06-29 14:00:00,-0.1500156968832016
2022-06-29 15:00:00,0.25647882904325214
2022-06-29 16:00:00,0.0
2022-06-29 17:00:00,0.102179012128285
2022-06-29 18:00:00,0.3399680405855179
2022-06-29 19:00:00,0.16621655225753784
2022-06-29 20:00:00,0.16059602797031403
2022-06-29 21:00:00,0.2836242914199829
2022-06-29 22:00:00,-0.13809165358543396
2022-06-29 23:00:00,-0.12938580342701503
2022-07-02 17:00:00,0.0
2022-07-02 18:00:00,0.21609526872634888
2022-07-02 19:00:00,0.25771517753601075
2022-07-02 20:00:00,0.12682326634724936
2022-07-02 21:00:00,0.0934787889321645
2022-07-02 22:00:00,0.18393916885058084
2022-07-02 23:00:00,0.0
2022-07-03 12:00:00,0.18776217528751918
2022-07-03 13:00:00,0.16940969228744507
2022-07-03 14:00:00,0.30844461255603367
2022-07-03 15:00:00,0.1693599373102188
2022-07-03 16:00:00,0.2757674098014832
2022-07-03 17:00:00,-0.13843764861424765
2022-07-03 18:00:00,0.0
2022-07-03 19:00:00,-0.023480474948883057
2022-07-03 20:00:00,0.0
2022-07-03 21:00:00,0.0
2022-07-03 22:00:00,0.0
2022-07-03 23:00:00,0.10932381947835286
2022-07-11 16:00:00,0.14326765802171496
2022-07-11 17:00:00,0.1416606903076172
2022-07-11 18:00:00,0.0
2022-07-11 19:00:00,0.39889150857925415
2022-07-11 20:00:00,0.20134016871452332
2022-07-11 21:00:00,0.2191196084022522
2022-07-11 22:00:00,0.2402160048484802
2022-07-11 23:00:00,0.2512627363204956
2022-07-12 00:00:00,0.3126942813396454
2022-07-12 01:00:00,-0.1768902897834778
2022-07-12 02:00:00,0.3854066828886668
2022-07-12 03:00:00,0.1761312335729599
2022-07-12 04:00:00,0.0
2022-07-12 05:00:00,0.10044042269388835
2022-07-12 06:00:00,-0.12750415716852462
2022-07-12 07:00:00,0.22903034687042237
2022-07-12 08:00:00,0.39906771183013917
2022-07-12 09:00:00,0.1968238353729248
2022-07-12 10:00:00,0.0
2022-07-12 11:00:00,0.18251343568166098
2022-07-12 12:00:00,0.1354506015777588
2022-07-12 13:00:00,0.24301872650782266
2022-07-12 14:00:00,-0.03125065565109253
2022-07-12 15:00:00,0.0
2022-07-12 16:00:00,0.12318035364151
2022-07-12 17:00:00,-0.04762066602706909
2022-07-12 18:00:00,0.14932402968406677
2022-07-12 19:00:00,0.0
2022-07-12 20:00:00,0.09559539953867595
2022-07-12 21:00:00,0.16155217091242471
2022-07-12 22:00:00,0.37212913036346434
2022-07-12 23:00:00,0.1217473030090332
2022-07-13 00:00:00,0.12291530370712281
2022-07-13 01:00:00,0.0
2022-07-13 02:00:00,0.29061730418886456
2022-07-13 03:00:00,0.0
2022-07-13 04:00:00,0.0
2022-07-13 05:00:00,0.021708245078722637
2022-07-13 06:00:00,0.0
2022-07-13 07:00:00,0.0
2022-07-13 08:00:00,-0.18368700742721558
2022-07-13 09:00:00,0.19609156250953674
2022-07-13 10:00:00,-0.24607960879802704
2022-07-13 11:00:00,0.0
2022-07-13 12:00:00,0.21313992738723755
2022-07-13 13:00:00,0.29757213592529297
2022-07-13 14:00:00,0.0
2022-07-13 15:00:00,-0.14128117050443376
2022-07-13 16:00:00,0.3226582258939743
2022-07-13 17:00:00,0.16776901483535767
2022-07-13 18:00:00,0.1683809416634696
2022-07-13 19:00:00,0.3866295913855235
2022-07-13 20:00:00,0.0
2022-07-13 21:00:00,0.1625170037150383
2022-07-13 22:00:00,0.25446951389312744
2022-07-13 23:00:00,0.13078096508979797
2022-07-14 00:00:00,0.0
2022-07-14 01:00:00,0.0
2022-07-14 02:00:00,0.30586127191782
2022-07-14 03:00:00,0.0
2022-07-14 04:00:00,0.0
2022-07-14 05:00:00,0.02492958733013698
2022-07-14 06:00:00,0.0
2022-07-14 07:00:00,0.17587685585021973
2022-07-14 08:00:00,-0.0010175824165344239
2022-07-14 09:00:00,0.0
2022-07-14 10:00:00,0.027727097272872925
2022-07-14 11:00:00,0.4414304693539937
2022-07-14 12:00:00,0.16063072284062704
2022-07-14 13:00:00,0.24233707189559936
2022-07-14 14:00:00,-0.2653978367646535
2022-07-14 15:00:00,0.0
2022-07-14 16:00:00,0.5018723607063293
2022-07-14 17:00:00,0.25281161069869995
2022-07-14 18:00:00,-0.027748674154281616
2022-07-14 19:00:00,-0.21789536873499551
2022-07-14 20:00:00,0.3179355065027873
2022-07-14 21:00:00,0.15268170833587646
2022-07-14 22:00:00,0.0
2022-07-14 23:00:00,0.0
2022-07-15 00:00:00,0.17230305075645447
2022-07-15 01:00:00,0.0
2022-07-15 02:00:00,0.05487317964434624
2022-07-15 03:00:00,0.0
2022-07-15 04:00:00,0.28584249317646027
2022-07-15 05:00:00,0.15074295550584793
2022-07-15 06:00:00,0.4713103622198105
2022-07-15 07:00:00,0.12671446800231934
2022-07-15 08:00:00,0.09012322872877121
2022-07-15 09:00:00,0.0
2022-07-15 10:00:00,0.0
2022-07-15 11:00:00,0.0
2022-07-15 12:00:00,0.09557580947875977
2022-07-15 13:00:00,0.30290618538856506
2022-07-15 14:00:00,0.08981406688690186
2022-07-15 15:00:00,0.163574680685997
2022-07-15 16:00:00,0.2649401028951009
2022-07-15 17:00:00,0.08828049898147583
2022-07-15 18:00:00,0.0
2022-07-15 19:00:00,0.16839353740215302
2022-07-15 20:00:00,0.0
2022-07-15 21:00:00,-0.08877531971250262
2022-07-15 22:00:00,0.0
2022-07-15 23:00:00,-0.000765681266784668
2022-07-16 00:00:00,0.0
2022-07-16 01:00:00,0.09230628609657288
2022-07-16 02:00:00,-0.19858528375625611
2022-07-16 03:00:00,0.21219904720783234
2022-07-16 04:00:00,0.35130511224269867
2022-07-16 05:00:00,0.11619263887405396
2022-07-16 06:00:00,-0.23762103915214539
2022-07-16 07:00:00,0.2307770773768425
2022-07-16 08:00:00,0.24062711000442505
2022-07-16 09:00:00,0.020769566297531128
2022-07-16 10:00:00,0.0
2022-07-16 11:00:00,0.14896723202296666
2022-07-16 12:00:00,0.1932464043299357
2022-07-16 13:00:00,0.2255582869052887
2022-07-16 14:00:00,0.29836760958035785
2022-07-16 15:00:00,-0.13504179886409215
2022-07-16 16:00:00,0.0
2022-07-16 17:00:00,0.28611817955970764
2022-07-16 18:00:00,0.13845942914485931
2022-07-16 19:00:00,0.0
2022-07-16 20:00:00,0.14028986692428588
2022-07-16 21:00:00,0.1481500506401062
2022-07-16 22:00:00,0.11470949649810791
2022-07-16 23:00:00,0.010835293680429459
2022-07-17 10:00:00,0.13120730221271515
2022-07-17 11:00:00,0.24379549423853555
2022-07-17 12:00:00,0.0
2022-07-17 13:00:00,0.18518756330013275
2022-07-17 14:00:00,-0.19926130771636963
2022-07-17 15:00:00,0.10617082118988037
2022-07-17 16:00:00,0.19428987162453787
2022-07-17 17:00:00,-0.13868860403696695
2022-07-17 18:00:00,0.22083290417989096
2022-07-17 19:00:00,0.0
2022-07-17 20:00:00,0.0
2022-07-17 21:00:00,0.01670095750263759
2022-07-17 22:00:00,0.26280319690704346
2022-07-17 23:00:00,0.10221464435259502
2022-08-30 13:00:00,0.2543479998906453
2022-08-30 14:00:00,0.09673325220743816
2022-08-30 15:00:00,0.1702374517917633
2022-08-30 16:00:00,0.087224580347538
2022-08-30 17:00:00,0.06871022284030914
2022-08-30 18:00:00,-0.16631116469701132
2022-08-30 19:00:00,0.6568593680858612
2022-08-30 20:00:00,0.26254112273454666
2022-08-30 21:00:00,0.20876459564481462
2022-08-30 22:00:00,0.0
2022-08-30 23:00:00,0.13379669189453125
2022-08-31 00:00:00,0.0
2022-08-31 01:00:00,0.44486209750175476
2022-08-31 02:00:00,-0.13421056005689833
2022-08-31 03:00:00,0.0
2022-08-31 04:00:00,0.6985485553741455
2022-08-31 05:00:00,0.07533031702041626
2022-08-31 06:00:00,0.1419360488653183
2022-08-31 07:00:00,0.09547275304794312
2022-08-31 08:00:00,0.00695239504178365
2022-08-31 09:00:00,0.03604210615158081
2022-08-31 10:00:00,0.0
2022-08-31 11:00:00,-0.18418972194194794
2022-08-31 12:00:00,0.1396544873714447
2022-08-31 13:00:00,0.23959886034329733
2022-08-31 14:00:00,0.08944538235664368
2022-08-31 15:00:00,0.0
2022-08-31 16:00:00,0.23097693920135498
2022-08-31 17:00:00,0.21334373950958252
2022-08-31 18:00:00,0.16672555605570474
2022-08-31 19:00:00,0.20866303642590842
2022-08-31 20:00:00,0.07172226054327828
2022-08-31 21:00:00,-0.2241736650466919
2022-08-31 22:00:00,0.09952334562937419
2022-08-31 23:00:00,-0.06474854946136474
2022-09-01 00:00:00,0.0
2022-09-01 01:00:00,0.15955622707094466
2022-09-01 02:00:00,0.2067707379659017
2022-09-01 03:00:00,0.20092833042144775
2022-09-01 04:00:00,0.2328495184580485
2022-09-01 05:00:00,-0.12520516770226614
2022-09-01 06:00:00,0.17126905918121338
2022-09-01 07:00:00,0.13362794369459152
2022-09-01 08:00:00,-0.05363656083742777
2022-09-01 09:00:00,0.0
2022-09-01 10:00:00,0.1571108443396432
2022-09-01 11:00:00,0.0
2022-09-01 12:00:00,0.39059723168611526
2022-09-01 13:00:00,0.39701175689697266
2022-09-01 14:00:00,0.10136792063713074
2022-09-01 15:00:00,-0.08604049682617188
2022-09-01 16:00:00,0.24325069189071655
2022-09-01 17:00:00,0.19301095604896545
2022-09-01 18:00:00,0.3055040240287781
2022-09-01 19:00:00,0.27299024164676666
2022-09-01 20:00:00,0.17953193187713623
2022-09-01 21:00:00,0.21119779348373413
2022-09-01 22:00:00,0.335345134139061
2022-09-01 23:00:00,0.23460125071661814
2022-09-02 00:00:00,0.0
2022-09-02 01:00:00,0.1349554181098938
2022-09-02 02:00:00,0.13937027007341385
2022-09-02 03:00:00,0.0
2022-09-02 04:00:00,0.22624446153640748
2022-09-02 05:00:00,0.14311763644218445
2022-09-02 06:00:00,0.0
2022-09-02 07:00:00,0.2604305505752563
2022-09-02 08:00:00,0.3331635892391205
2022-09-02 09:00:00,0.23286858201026917
2022-09-02 10:00:00,0.06347235043843587
2022-09-02 12:00:00,0.17835885286331177
2022-09-02 13:00:00,0.3200019796689351
2022-09-02 14:00:00,0.0
2022-09-02 15:00:00,0.313247375190258
2022-09-02 16:00:00,0.18069089310509817
2022-09-02 17:00:00,0.13979989290237427
2022-09-02 18:00:00,-0.18402966856956482
2022-09-02 19:00:00,0.0
2022-09-02 20:00:00,0.10322388013203938
2022-09-02 21:00:00,0.2328495184580485
2022-09-02 22:00:00,0.2725326485104031
2022-09-02 23:00:00,-0.08611978093783061
2022-09-03 12:00:00,0.26078879833221436
2022-09-03 13:00:00,0.0
2022-09-03 14:00:00,0.1775176227092743
2022-09-03 15:00:00,0.17625121275583902
2022-09-03 16:00:00,0.10759680271148682
2022-09-03 17:00:00,0.0
2022-09-03 18:00:00,0.4570386012395223
2022-09-03 19:00:00,0.1801186501979828
2022-09-03 20:00:00,0.0
2022-09-03 21:00:00,0.2558703899383545
2022-09-03 22:00:00,0.2004055040223258
2022-09-03 23:00:00,0.1495916417666844
2022-09-04 20:00:00,0.24517961591482162
2022-09-04 21:00:00,0.2328495184580485
2022-09-04 22:00:00,0.31002460207257954
2022-09-04 23:00:00,0.2119267327444894
2022-09-11 14:00:00,0.0
2022-09-11 15:00:00,0.11043001413345337
2022-09-11 16:00:00,0.28138959407806396
2022-09-11 17:00:00,0.3257571856180827
2022-09-11 18:00:00,0.2602778971195221
2022-09-11 19:00:00,0.12994425495465597
2022-09-11 20:00:00,0.1331177055835724
2022-09-11 21:00:00,0.09277566274007161
2022-09-11 22:00:00,0.11482572555541992
2022-09-11 23:00:00,0.15253925323486328
2022-09-12 00:00:00,0.08380438884099324
2022-09-12 01:00:00,0.0
2022-09-12 02:00:00,0.003339367253439767
2022-09-12 03:00:00,0.2183692455291748
2022-09-12 04:00:00,0.5718793272972107
2022-09-12 05:00:00,-0.06748472367014204
2022-09-12 06:00:00,0.38267598549524945
2022-09-12 07:00:00,0.09539814790089925
2022-09-12 08:00:00,0.11165101329485576
2022-09-12 09:00:00,0.1688828808920724
2022-09-12 10:00:00,0.27049168944358826
2022-09-12 11:00:00,0.10415160655975342
2022-09-12 12:00:00,0.24090322256088256
2022-09-12 13:00:00,0.0
2022-09-12 14:00:00,0.35039029121398924
2022-09-12 15:00:00,0.16695654392242432
2022-09-12 16:00:00,0.20805476605892181
2022-09-12 17:00:00,0.1397097110748291
2022-09-12 18:00:00,0.19205996990203858
2022-09-12 19:00:00,0.0
2022-09-12 20:00:00,0.0
2022-09-12 21:00:00,0.10972439249356587
2022-09-12 22:00:00,0.0
2022-09-12 23:00:00,0.10258990526199341
2022-09-13 00:00:00,0.15087229013442993
2022-09-13 01:00:00,0.17463713884353638
2022-09-13 02:00:00,0.1572358806927999
2022-09-13 03:00:00,0.10241909821828206
2022-09-13 05:00:00,0.11211161687970161
2022-09-13 06:00:00,0.24967553615570068
2022-09-13 07:00:00,0.49366316199302673
2022-09-13 08:00:00,0.23077033460140228
2022-09-13 09:00:00,0.0
2022-09-13 10:00:00,0.12233932018280029
2022-09-13 11:00:00,0.0
2022-09-13 12:00:00,0.1404106467962265
2022-09-13 13:00:00,0.0605185404419899
2022-09-13 14:00:00,0.34159359335899353
2022-09-13 15:00:00,0.0
2022-09-13 16:00:00,0.0
2022-09-13 17:00:00,-0.05583776533603668
2022-09-13 18:00:00,0.08500017722447713
2022-09-13 19:00:00,0.2996299982070923
2022-09-13 20:00:00,-0.9687466621398926
2022-09-13 21:00:00,-0.0427040159702301
2022-09-13 22:00:00,0.16278909146785736
2022-09-13 23:00:00,0.28510259091854095
2022-09-14 00:00:00,0.0
2022-09-14 01:00:00,0.1462390273809433
2022-09-14 02:00:00,0.21597793201605478
2022-09-14 03:00:00,0.41627657413482666
2022-09-14 04:00:00,-0.24689871072769165
2022-09-14 05:00:00,-0.052488118410110474
2022-09-14 06:00:00,0.0
2022-09-14 07:00:00,0.21654556194941202
2022-09-14 08:00:00,0.08568864067395528
2022-09-14 09:00:00,0.08415023982524872
2022-09-14 10:00:00,0.0
2022-09-14 11:00:00,0.20913201570510864
2022-09-14 12:00:00,0.14564338326454163
2022-09-14 13:00:00,0.26138063839503695
2022-09-14 14:00:00,0.29331185420354206
2022-09-14 15:00:00,0.24588045477867126
2022-09-14 16:00:00,0.13218840956687927
2022-09-14 17:00:00,0.23316474755605063
2022-09-14 18:00:00,0.0
2022-09-14 19:00:00,0.21606906255086264
2022-09-14 20:00:00,0.13190064430236817
2022-09-14 21:00:00,0.12278128415346146
2022-09-14 22:00:00,0.0
2022-09-14 23:00:00,0.0
2022-10-09 14:00:00,0.10796911716461181
2022-10-09 15:00:00,0.4439895749092102
2022-10-09 16:00:00,0.4272815982500712
2022-10-09 17:00:00,0.17692582309246063
2022-10-09 18:00:00,0.0
2022-10-09 19:00:00,0.32642680406570435
2022-10-09 20:00:00,0.13291482627391815
2022-10-09 21:00:00,-0.06994401131357465
2022-10-09 22:00:00,0.2012364367643992
2022-10-09 23:00:00,0.17098317543665567
2022-10-10 00:00:00,0.099050053528377
2022-10-10 01:00:00,0.2683475812276204
2022-10-10 02:00:00,-0.0463024377822876
2022-10-10 03:00:00,-0.14609232544898987
2022-10-10 04:00:00,0.5871975223223368
2022-10-10 05:00:00,0.0
2022-10-10 06:00:00,0.0
2022-10-10 07:00:00,0.0
2022-10-10 08:00:00,0.14142181873321533
2022-10-10 09:00:00,0.13096037175920275
2022-10-10 10:00:00,0.378962978720665
2022-10-10 11:00:00,0.2735756188631058
2022-10-10 12:00:00,0.6294565796852112
2022-10-10 13:00:00,0.09061859051386516
2022-10-10 14:00:00,0.13146066665649414
2022-10-10 15:00:00,0.2319251775741577
2022-10-10 16:00:00,0.0
2022-10-10 17:00:00,0.260659464768001
2022-10-10 18:00:00,0.1198125958442688
2022-10-10 19:00:00,0.0
2022-10-10 20:00:00,0.10107430815696716
2022-10-10 21:00:00,0.40331606070200604
2022-10-10 22:00:00,0.0
2022-10-10 23:00:00,0.0
2022-10-11 00:00:00,0.3562876383463542
2022-10-11 01:00:00,0.19204222162564596
2022-10-11 02:00:00,0.0
2022-10-11 03:00:00,0.38614853223164874
2022-10-11 04:00:00,0.0
2022-10-11 05:00:00,0.23604613542556763
2022-10-11 06:00:00,0.06482441425323486
2022-10-11 07:00:00,0.25049901008605957
2022-10-11 08:00:00,0.07656452804803848
2022-10-11 09:00:00,0.44522403677304584
2022-10-11 10:00:00,0.3361187279224396
2022-10-11 11:00:00,0.1674667341368539
2022-10-11 12:00:00,-0.04711330930391947
2022-10-11 13:00:00,0.2066558599472046
2022-10-11 14:00:00,0.20987293124198914
2022-10-11 15:00:00,0.2562336027622223
2022-10-11 16:00:00,-0.08385726383754186
2022-10-11 17:00:00,-0.13461091688701085
2022-10-11 18:00:00,0.0
2022-10-11 19:00:00,0.2867685854434967
2022-10-11 20:00:00,0.08581562553133283
2022-10-11 21:00:00,-0.07881092031796773
2022-10-11 22:00:00,0.2501996397972107
2022-10-11 23:00:00,0.176603635152181
2022-10-12 00:00:00,0.09330669045448303
2022-10-12 01:00:00,0.16910470724105836
2022-10-12 02:00:00,0.17438162863254547
2022-10-12 03:00:00,0.1347199281056722
2022-10-12 04:00:00,0.21952130794525146
2022-10-12 05:00:00,0.03923070430755615
2022-10-12 06:00:00,-0.24198982119560242
2022-10-12 07:00:00,0.13195782899856567
2022-10-12 08:00:00,0.29776735107103985
2022-10-12 09:00:00,0.0
2022-10-12 10:00:00,0.1466284953057766
2022-10-12 11:00:00,-0.2081652283668518
2022-10-12 12:00:00,0.35103440284729004
2022-10-12 13:00:00,0.30016287167867023
2022-10-12 14:00:00,0.07711809873580933
2022-10-12 15:00:00,0.26377116441726683
2022-10-12 16:00:00,0.15406006574630737
2022-10-12 17:00:00,0.04359992146492005
2022-10-12 18:00:00,0.0
2022-10-12 19:00:00,0.15050315856933594
2022-10-12 20:00:00,0.15363475680351257
2022-10-12 21:00:00,0.10402457714080811
2022-10-12 22:00:00,0.05546774466832479
2022-10-12 23:00:00,0.42193251848220825
2022-10-13 13:00:00,0.0
2022-10-13 14:00:00,0.19275206327438354
2022-10-13 15:00:00,-0.03904456893603007
2022-10-13 16:00:00,-0.06800250709056854
2022-10-13 17:00:00,0.29862343072891234
2022-10-13 18:00:00,-0.1601780205965042
2022-10-13 19:00:00,0.3168577750523885
2022-10-13 20:00:00,0.0
2022-10-13 21:00:00,0.0
2022-10-13 22:00:00,0.0858946939309438
2022-10-13 23:00:00,0.15886091334479197
2022-10-14 12:00:00,0.0
2022-10-14 13:00:00,0.2596404155095418
2022-10-14 14:00:00,0.3303344001372655
2022-10-14 15:00:00,0.25966230779886246
2022-10-14 16:00:00,0.36685246229171753
2022-10-14 17:00:00,0.20104874883379256
2022-10-14 18:00:00,0.05080908536911011
2022-10-14 19:00:00,0.4681113213300705
2022-10-14 20:00:00,0.12941019237041473
2022-10-14 21:00:00,0.2871122785976955
2022-10-14 22:00:00,0.11291122436523438
2022-10-14 23:00:00,0.17098317543665567
2022-10-15 00:00:00,-0.13740984201431275
2022-10-15 01:00:00,0.16178102791309357
2022-10-15 02:00:00,0.24336767196655273
2022-10-15 03:00:00,0.0002926439046859741
2022-10-15 04:00:00,0.22474906841913858
2022-10-15 05:00:00,0.2872192859649658
2022-10-15 06:00:00,0.20299239158630372
2022-10-15 07:00:00,0.10827278097470601
2022-10-15 08:00:00,-0.10598232916423253
2022-10-15 10:00:00,0.08355073465241326
2022-10-15 11:00:00,0.35025960206985474
2022-10-15 12:00:00,-0.04192816359656198
2022-10-15 13:00:00,0.3437718600034714
2022-10-15 14:00:00,0.2108827829360962
2022-10-15 15:00:00,0.07067422568798065
2022-10-15 16:00:00,0.0
2022-10-15 17:00:00,0.0
2022-10-15 18:00:00,0.13124486804008484
2022-10-15 19:00:00,0.2714479684829712
2022-10-15 20:00:00,0.35542015234629315
2022-10-15 21:00:00,0.1538853794336319
2022-10-15 22:00:00,-0.03891663551330567
2022-10-15 23:00:00,0.07327850375856672
2022-11-07 16:00:00,-0.003836846351623535
2022-11-07 17:00:00,-0.19202174246311188
2022-11-07 18:00:00,0.1755618453025818
2022-11-07 19:00:00,0.07258076965808868
2022-11-07 20:00:00,0.28156766295433044
2022-11-07 21:00:00,0.0
2022-11-07 22:00:00,0.0
2022-11-07 23:00:00,0.28235090970993043
2022-11-08 15:00:00,-0.07490824460983277
2022-11-08 16:00:00,-0.24857668578624725
2022-11-08 17:00:00,0.07524476647377014
2022-11-08 18:00:00,0.1345672369003296
2022-11-08 19:00:00,0.0
2022-11-08 20:00:00,-0.015577495098114014
2022-11-08 21:00:00,-0.03837019205093384
2022-11-08 22:00:00,0.12776575982570648
2022-11-08 23:00:00,0.15675578266382217
2022-11-09 14:00:00,-0.0022565523783365884
2022-11-09 15:00:00,-0.35774117708206177
2022-11-09 16:00:00,-0.04863222440083822
2022-11-09 17:00:00,0.17707320054372153
2022-11-09 18:00:00,0.0
2022-11-09 19:00:00,-0.023508346080780028
2022-11-09 20:00:00,0.15055625140666962
2022-11-09 21:00:00,0.2670972943305969
2022-11-09 22:00:00,-0.13975209849221365
2022-11-09 23:00:00,0.23191289901733397
2022-11-10 16:00:00,0.17912019789218903
2022-11-10 17:00:00,0.1057403564453125
2022-11-10 18:00:00,0.26573818922042847
2022-11-10 19:00:00,0.07332424606595721
2022-11-10 20:00:00,0.14349865913391113
2022-11-10 21:00:00,0.179661363363266
2022-11-10 22:00:00,0.10032523423433304
2022-11-10 23:00:00,0.03916873037815094
2022-11-11 14:00:00,0.0
2022-11-11 15:00:00,0.07086255720683507
2022-11-11 16:00:00,-0.08094655970732371
2022-11-11 17:00:00,0.17958829800287882
2022-11-11 18:00:00,0.3018060773611069
2022-11-11 19:00:00,0.25813163816928864
2022-11-11 20:00:00,0.1995544731616974
2022-11-11 21:00:00,-0.10091093927621841
2022-11-11 22:00:00,-0.41083522140979767
2022-11-11 23:00:00,0.23450228997639247
2022-11-13 19:00:00,0.16491109132766724
2022-11-13 20:00:00,0.1609957218170166
2022-11-13 21:00:00,-0.1843976378440857
2022-11-13 22:00:00,0.1025254556110927
2022-11-13 23:00:00,0.10569602251052856
2022-11-14 14:00:00,0.10245853662490845
2022-11-14 15:00:00,0.10355831384658813
2022-11-14 16:00:00,0.1872463822364807
2022-11-14 17:00:00,-0.05435249209403992
2022-11-14 18:00:00,0.2365778684616089
2022-11-14 19:00:00,-0.050780372960226874
2022-11-14 20:00:00,0.20307040214538574
2022-11-14 21:00:00,-0.13981365306036814
2022-11-14 22:00:00,0.3082794149716695
2022-11-14 23:00:00,-0.05239973465601603
2022-11-15 00:00:00,0.10465822617212932
2022-11-15 01:00:00,0.0
2022-11-15 02:00:00,0.13152417209413317
2022-11-15 03:00:00,0.14871695637702942
2022-11-15 04:00:00,-0.03154731790224711
2022-11-15 05:00:00,0.0
2022-11-15 06:00:00,0.2675102800130844
2022-11-15 07:00:00,0.23408188670873642
2022-11-15 08:00:00,0.0
2022-11-15 09:00:00,0.1890015204747518
2022-11-15 10:00:00,-0.058596444129943845
2022-11-15 11:00:00,0.20356722672780356
2022-11-15 12:00:00,0.14277583360671997
2022-11-15 13:00:00,0.30043649673461914
2022-11-15 14:00:00,0.16562122106552124
2022-11-15 15:00:00,0.15606154004732767
2022-11-15 16:00:00,0.31321293115615845
2022-11-15 17:00:00,0.1174146036307017
2022-11-15 18:00:00,0.14514194428920746
2022-11-15 19:00:00,0.44012723366419476
2022-11-15 20:00:00,0.0
2022-11-15 21:00:00,0.0
2022-11-15 22:00:00,0.22673208514849344
2022-11-15 23:00:00,-0.4664623856544495
2022-11-16 07:00:00,0.21151244640350342
2022-11-16 08:00:00,0.15926716725031534
2022-11-16 09:00:00,0.0
2022-11-16 10:00:00,0.18081915378570557
2022-11-16 11:00:00,-0.05641163388888041
2022-11-16 12:00:00,0.20600624879201254
2022-11-16 13:00:00,0.027203179895877838
2022-11-16 14:00:00,-0.15153428415457407
2022-11-16 15:00:00,-0.9529076218605042
2022-11-16 16:00:00,-0.06763599316279094
2022-11-16 17:00:00,0.040309260288874306
2022-11-16 18:00:00,0.281512126326561
2022-11-16 19:00:00,0.3076586425304413
2022-11-16 20:00:00,0.2324456050992012
2022-11-16 21:00:00,0.19282099604606628
2022-11-16 22:00:00,0.0885487709726606
2022-11-16 23:00:00,0.11978814601898194
2022-11-20 19:00:00,0.0
2022-11-20 20:00:00,0.0
2022-11-20 21:00:00,0.30513154135810006
2022-11-20 22:00:00,0.0
2022-11-20 23:00:00,0.20840415358543396
2022-11-21 10:00:00,0.0
2022-11-21 11:00:00,0.28949278593063354
2022-11-21 12:00:00,0.269485867023468
2022-11-21 13:00:00,0.18191343545913696
2022-11-21 14:00:00,-0.16776322573423386
2022-11-21 15:00:00,0.21569529175758362
2022-11-21 16:00:00,0.4724974972861154
2022-11-21 17:00:00,0.0
2022-11-21 18:00:00,0.04891665577888489
2022-11-21 19:00:00,-0.17591710090637208
2022-11-21 20:00:00,0.26691848039627075
2022-11-21 21:00:00,0.0
2022-11-21 22:00:00,0.2687360405921936
2022-11-21 23:00:00,-0.07172448635101318
2022-12-24 12:00:00,0.0
2022-12-24 13:00:00,0.16451162099838257
2022-12-24 14:00:00,0.6049455761909485
2022-12-24 15:00:00,-0.07747805118560791
2022-12-24 16:00:00,0.0
2022-12-24 17:00:00,0.0
2022-12-24 18:00:00,0.13977349996566774
2022-12-24 19:00:00,0.11019694805145264
2022-12-24 20:00:00,0.2183995246887207
2022-12-24 21:00:00,0.0
2022-12-24 22:00:00,0.0
2022-12-24 23:00:00,0.0
2022-12-25 00:00:00,-0.199465411901474
2022-12-25 01:00:00,0.09302902966737747
2022-12-25 02:00:00,0.1358322650194168
2022-12-25 03:00:00,-0.027585697174072266
2022-12-25 04:00:00,0.2956544409195582
2022-12-25 05:00:00,0.2957509358723958
2022-12-25 06:00:00,0.1517154097557068
2022-12-25 07:00:00,0.5016397476196289
2022-12-25 08:00:00,0.39062496423721316
2022-12-25 09:00:00,0.41271123886108396
2022-12-25 10:00:00,0.48501861095428467
2022-12-25 11:00:00,0.07597365975379944
2022-12-25 12:00:00,0.5265079836050669
2022-12-25 13:00:00,0.3001860618591309
2022-12-25 14:00:00,0.0
2022-12-25 15:00:00,0.12794766823450723
2022-12-25 16:00:00,-0.029027598244803294
2022-12-25 17:00:00,0.36328105131785077
2022-12-25 18:00:00,0.1656548593725477
2022-12-25 19:00:00,0.0
2022-12-25 20:00:00,0.18363946676254272
2022-12-25 21:00:00,0.13999415636062623
2022-12-25 22:00:00,0.20540711283683777
2022-12-25 23:00:00,0.1137410302956899
2022-12-26 22:00:00,-0.010986590385437011
2022-12-26 23:00:00,0.39763971567153933
2022-12-27 00:00:00,0.0
2022-12-27 01:00:00,-0.15114210844039916
2022-12-27 02:00:00,0.0
2022-12-27 03:00:00,0.0
2022-12-27 04:00:00,0.31978319883346557
2022-12-27 05:00:00,0.07120952435902186
2022-12-27 06:00:00,0.18910866975784302
2022-12-27 07:00:00,0.10766523083051045
2022-12-27 08:00:00,0.0
2022-12-27 09:00:00,0.11551664769649506
2022-12-27 10:00:00,0.07540285587310791
2022-12-27 11:00:00,-0.056813597679138184
2022-12-27 12:00:00,0.0841722914150783
2022-12-27 13:00:00,0.11810302734375
2022-12-27 14:00:00,0.33688703179359436
2022-12-27 15:00:00,0.258493447303772
2022-12-27 16:00:00,0.0
2022-12-27 17:00:00,0.27332547307014465
2022-12-27 18:00:00,0.13025611639022827
2022-12-27 19:00:00,0.12960360944271088
2022-12-27 20:00:00,0.020584513743718464
2022-12-27 21:00:00,0.13654401898384094
2022-12-27 22:00:00,0.0
2022-12-27 23:00:00,0.0
